{"cameraMode":{"drawMode":0,"name":"Shaded","section":"Shading Mode"},"sceneLighting":false,"audioPlay":false,"sceneViewState":{"showFog":true,"showMaterialUpdate":true,"showSkybox":false,"showFlares":true,"showImageEffects":true,"showParticleSystems":true},"in2DMode":false,"pivot":{"x":4.19824743270874,"y":-0.4659996032714844,"z":0.37955960631370547},"rotation":{"x":0.20378200709819795,"y":0.4846382439136505,"z":-0.11721725761890412,"w":0.8425351977348328},"size":11.178547859191895,"orthographic":false}