{"cameraMode":{"drawMode":0,"name":"Shaded","section":"Shading Mode"},"sceneLighting":false,"audioPlay":false,"sceneViewState":{"showFog":true,"showMaterialUpdate":true,"showSkybox":false,"showFlares":true,"showImageEffects":true,"showParticleSystems":true},"in2DMode":false,"pivot":{"x":486.175048828125,"y":62.12959671020508,"z":523.7971801757813},"rotation":{"x":-0.11026505380868912,"y":0.8815125226974487,"z":-0.2542554438114166,"w":-0.38229262828826907},"size":12.76596450805664,"orthographic":false}